{"cameraMode":{"drawMode":0,"name":"Shaded","section":"Shading Mode"},"sceneLighting":false,"audioPlay":false,"sceneViewState":{"m_AlwaysRefresh":false,"showFog":true,"showSkybox":false,"showFlares":true,"showImageEffects":true,"showParticleSystems":true,"showVisualEffectGraphs":true,"m_FxEnabled":true},"in2DMode":false,"pivot":{"x":-0.05272102355957031,"y":1.2290592193603516,"z":1.343038558959961},"rotation":{"x":0.19523710012435914,"y":-0.0029423837549984457,"z":0.0005856924690306187,"w":0.9807519912719727},"size":48.49742126464844,"orthographic":false}